date,prediction,probability,actual_label,actual_return,pnl
2016-09-21,0,0.24874588759485053,0,-0.00017624872523736089,0.0
2016-09-22,0,0.09233472611054434,1,0.009379269062778322,0.0
2016-09-23,0,0.450180171325376,0,-0.01680407127074455,0.0
2016-09-26,0,0.21247703065808154,0,0.001507019898726489,0.0
2016-09-27,0,0.2551135464008738,0,0.001858703585714465,0.0
2016-09-28,0,0.2918079737645136,1,0.007575826589952576,0.0
2016-09-29,0,0.4068929936895689,0,-0.015655130695139595,0.0
2016-09-30,0,0.28414091868172214,1,0.007725720953797425,0.0
2016-10-03,0,0.2603033718769772,0,-0.0046995186380511846,0.0
2016-10-04,0,0.23653115250195852,0,0.004256663873546348,0.0
2016-10-05,0,0.22655465710439457,0,0.00044285476450489137,0.0
2016-10-06,0,0.24649798354767063,1,0.007402846168842914,0.0
2016-10-07,0,0.2698695605393277,0,0.0014914173962776596,0.0
2016-10-10,0,0.30833224663726333,1,0.017296642921374308,0.0
2016-10-11,0,0.3052657792826839,0,0.0021515845351677094,0.0
2016-10-12,0,0.33526456376020847,1,0.008902961364227826,0.0
2016-10-13,0,0.35625371310112697,0,-0.0030727943873021693,0.0
2016-10-14,0,0.33115829491502496,1,0.005541038363542055,0.0
2016-10-17,0,0.4172531846491057,0,-0.0006803379040229797,0.0
2016-10-18,0,0.40561109657576144,0,-0.0006809428277895219,0.0
2016-10-19,0,0.2946680864865142,0,-0.002983798031166373,0.0
2016-10-20,0,0.2598063687995023,0,-0.0005122367379479558,0.0
2016-10-21,0,0.08617769803258543,0,-0.003937627252067074,0.0
2016-10-24,0,0.14653189137136205,1,0.008964795708160654,0.0
2016-10-25,0,0.30092815972879666,1,0.005086936824659074,0.0
2016-10-26,0,0.4588091837227162,0,-0.02275154473141542,0.0
2016-10-27,0,0.29342369037366955,0,-0.009649216720074991,0.0
2016-10-28,0,0.19045909557771043,0,-0.0066608164129317,0.0
2016-10-31,0,0.28136663374904614,0,-0.001584015777022703,0.0
2016-11-01,0,0.39784840025196444,0,-0.018220611662455706,0.0
2016-11-02,0,0.3715209516092414,0,0.0008968298173023509,0.0
2016-11-03,0,0.3703567865877101,0,-0.010776644373699002,0.0
2016-11-04,0,0.3945372787843608,0,-0.009054915240035214,0.0
2016-11-07,0,0.3747507782719429,1,0.014321825071660101,0.0
2016-11-08,1,0.5457553910099321,1,0.005869807612375859,0.004869807612375859
2016-11-09,1,0.5318719026212405,0,-0.001621911086415581,-0.002621911086415581
2016-11-10,0,0.4570698677026995,0,-0.02826373315877887,0.0
2016-11-11,0,0.2919719201978745,1,0.005919854350767847,0.0
2016-11-14,0,0.40801483489908863,0,-0.025405109314759717,0.0
2016-11-15,0,0.4524194270122787,1,0.013156777605796501,0.0
2016-11-16,0,0.43182245346525827,1,0.026533182637793418,0.0
2016-11-17,0,0.4002014427991296,0,-0.000363802485627499,0.0
2016-11-18,0,0.4243409508238392,0,0.0009999503869955197,0.0
2016-11-21,0,0.3162815067591067,1,0.015059471087512917,0.0
2016-11-22,0,0.39576308746052113,0,0.0006265405717285574,0.0
2016-11-23,0,0.30727577086615016,0,-0.005111442600348326,0.0
2016-11-25,0,0.3096110316210249,1,0.00502171737914725,0.0
2016-11-28,1,0.5114311549637512,0,-0.001969683891017722,-0.002969683891017722
2016-11-29,0,0.380739704456602,0,-0.000986484515312982,0.0
2016-11-30,1,0.5058635865720637,0,-0.00846934814353526,-0.009469348143535259
2016-12-01,0,0.2648858754755981,0,-0.00936338424160761,0.0
2016-12-02,0,0.30002987282607113,0,0.0037377623447245904,0.0
2016-12-05,0,0.35726469488156326,0,-0.007214166008596086,0.0
2016-12-06,0,0.33714268679522347,1,0.007669067630309136,0.0
2016-12-07,0,0.36816686329309656,1,0.009774717454743771,0.0
2016-12-08,0,0.39874211189213293,1,0.009769122350458757,0.0
2016-12-09,1,0.5357069428063699,1,0.016190188605235637,0.015190188605235636
2016-12-12,0,0.40053992247201015,0,-0.005720583295011554,0.0
2016-12-13,0,0.42402233732185335,1,0.016543734017424018,0.0
2016-12-14,0,0.29234170312733126,0,0.0,0.0
2016-12-15,0,0.34122015464294586,1,0.0054542869920826045,0.0
2016-12-16,0,0.36404451230708706,0,0.001294477560889793,0.0
2016-12-19,0,0.3194522109706907,1,0.005760757837097408,0.0
2016-12-20,1,0.5119424775662867,0,0.002653897618698546,0.001653897618698546
2016-12-21,0,0.361131522784188,0,0.0009401270090338265,0.0
2016-12-22,0,0.23024267897393855,0,-0.006599311955402412,0.0
2016-12-23,0,0.23024759846496057,0,0.0019756196370158577,0.0
2016-12-27,0,0.27864123518949235,1,0.006330791587523415,0.0
2016-12-28,1,0.501735287181772,0,-0.004273082860998149,-0.005273082860998149
2016-12-29,0,0.36988956544464835,0,-0.0002569821539966195,0.0
2016-12-30,0,0.29402105742751317,0,-0.007826294279861794,0.0
2017-01-03,0,0.18473458319617325,0,0.0028450429506800866,0.0
2017-01-04,0,0.19678047134761617,0,-0.0011195401650712568,0.0
2017-01-05,0,0.22659543593245085,1,0.005072130937928148,0.0
2017-01-06,0,0.42594596792472755,1,0.011086722446364638,0.0
2017-01-09,0,0.47118260615141977,1,0.009117764943876068,0.0
2017-01-10,0,0.3593664039413777,0,0.001008026376418376,0.0
2017-01-11,0,0.2885671563673792,1,0.005358746826512215,0.0
2017-01-12,0,0.45226356597462414,0,-0.004183975723267035,0.0
2017-01-13,0,0.4196844667488667,0,-0.0017626398019564525,0.0
2017-01-17,0,0.21317942597034734,1,0.00803226410279165,0.0
2017-01-18,0,0.34221771786352384,0,-8.338665804500857e-05,0.0
2017-01-19,0,0.4047783486796706,0,-0.001751690672137615,0.0
2017-01-20,0,0.31090753821124323,0,0.0018350773301826588,0.0
2017-01-23,0,0.26289716408083946,0,0.000666429183652526,0.0
2017-01-24,0,0.26894422663688405,0,-0.0009166100206911315,0.0
2017-01-25,0,0.21001713590888899,1,0.01579537636022099,0.0
2017-01-26,0,0.2991143733120017,0,0.0004920531345432641,0.0
2017-01-27,0,0.28202576616305713,0,8.212116598877476e-05,0.0
2017-01-30,0,0.28624308093084627,0,-0.002627482508988211,0.0
2017-01-31,0,0.21539540965721798,0,-0.0023047325650520163,0.0
2017-02-01,0,0.19219671478323277,1,0.05919357097584994,0.0
2017-02-02,0,0.3397394675367708,0,-0.0017100634143746819,0.0
2017-02-03,0,0.3236049100398016,0,0.004269816252938444,0.0
2017-02-06,0,0.21266547214738094,1,0.009330202958470897,0.0
2017-02-07,0,0.37958022045832246,1,0.00947232772421454,0.0
2017-02-08,1,0.593431953906431,0,0.00386993468413801,0.00286993468413801
2017-02-09,0,0.24736985469139713,1,0.007200335636928572,0.0
2017-02-10,1,0.5225787513142415,0,-0.0022683157563684773,-0.0032683157563684773
2017-02-13,0,0.36963394896398183,1,0.00881667320660117,0.0
2017-02-14,0,0.44792646889698795,1,0.0128957965414538,0.0
2017-02-15,0,0.4841163986298654,0,0.003622212621162788,0.0
2017-02-16,0,0.4261911636502143,0,-0.0011815326658928945,0.0
2017-02-17,0,0.4483950551561788,0,0.0027302926799635226,0.0
2017-02-21,0,0.2877686662851349,1,0.007194973695633992,0.0
2017-02-22,0,0.47714962708794123,0,0.002994598951654597,0.0
2017-02-23,0,0.22547056817575303,0,-0.004238929161036151,0.0
2017-02-24,0,0.23730083551297917,0,0.0009514374014689618,0.0
2017-02-27,0,0.13443707727171003,0,0.001973586900051124,0.0
2017-02-28,0,0.11596924266914913,0,0.00043826047066403053,0.0
2017-03-01,0,0.1157250919328854,1,0.02023316765112546,0.0
2017-03-02,0,0.43947709661614404,0,-0.0059550275559712,0.0
2017-03-03,0,0.27027771470404083,1,0.005883637321995197,0.0
2017-03-06,0,0.42512983391221404,0,-0.003152737332549811,0.0
2017-03-07,0,0.37013638143802874,0,0.0012912533675451749,0.0
2017-03-08,0,0.25900646775669917,0,-0.003734344994307389,0.0
2017-03-09,0,0.27184445965429055,0,-0.002304432765062698,0.0
2017-03-10,0,0.2936730351617261,0,0.0033110509459520214,0.0
2017-03-13,0,0.3495397147946689,0,0.0004311824373831395,0.0
2017-03-14,0,0.2715269353472884,0,-0.0015097152748308872,0.0
2017-03-15,0,0.2296493217808673,1,0.010521040895091094,0.0
2017-03-16,0,0.30112482200987384,0,0.001636033121008682,0.0
2017-03-17,0,0.32140932832917846,0,-0.004987669890278868,0.0
2017-03-20,0,0.2434318174376789,1,0.010445339425470497,0.0
2017-03-21,0,0.3061070710322953,0,-0.011517555420012336,0.0
2017-03-22,0,0.3384151198722378,1,0.011234985981474469,0.0
2017-03-23,0,0.40038610686135345,0,-0.0035422074087261965,0.0
2017-03-24,0,0.4912938742200741,0,-0.0019886660942765064,0.0
2017-03-27,0,0.4802689830167033,0,0.001705130750843826,0.0
2017-03-28,0,0.3457185448346418,1,0.020514896095601764,0.0
2017-03-29,0,0.44935795969313763,0,0.0022229333953881643,0.0
2017-03-30,0,0.3882040586653205,0,-0.0013192312625136644,0.0
2017-03-31,0,0.39225553653762263,0,-0.0018774542278274073,0.0
2017-04-03,0,0.4027965860447986,0,0.000277819714013821,0.0
2017-04-04,0,0.30424423374109727,1,0.007419125196601162,0.0
2017-04-05,0,0.4058733243902939,0,-0.005193958788448527,0.0
2017-04-06,0,0.3455519921897737,0,-0.002502986122166629,0.0
2017-04-07,0,0.41270552346482986,0,-0.00223017380010135,0.0
2017-04-10,0,0.37399401059153653,0,-0.0011868851292764064,0.0
2017-04-11,0,0.37711349122979243,0,-0.010814548998190692,0.0
2017-04-12,0,0.2585721568791415,0,0.0011995500274679502,0.0
2017-04-13,0,0.2858692245399915,0,-0.005302803103354267,0.0
2017-04-17,0,0.34035935166825965,1,0.005514257020796766,0.0
2017-04-18,0,0.482068195568023,0,-0.0044514678000130885,0.0
2017-04-19,0,0.45982473669937163,0,-0.0036898320677465277,0.0
2017-04-20,0,0.31197239936767807,1,0.012433625363275807,0.0
2017-04-21,0,0.40068392047141577,0,-0.0011946202036475647,0.0
2017-04-24,0,0.44019770474196124,1,0.009583500550644618,0.0
2017-04-25,1,0.5247619420030311,1,0.006177182136957269,0.005177182136957269
2017-04-26,1,0.5485419056727447,0,-0.00589829048432622,-0.00689829048432622
2017-04-27,0,0.3450325102029344,0,0.0007648592053698306,0.0
2017-04-28,0,0.33913119838365896,0,-0.0009738197080026855,0.0
2017-05-01,0,0.22319786922431611,1,0.020191112175389585,0.0
2017-05-02,0,0.3412638793632001,1,0.006324638091150049,0.0
2017-05-03,0,0.48557461671568203,0,-0.0030549089401152893,0.0
2017-05-04,0,0.37783427805932734,0,-0.00361041626068475,0.0
2017-05-05,0,0.42580463406867364,1,0.016447599645989346,0.0
2017-05-08,0,0.422872463544995,1,0.02682549201055195,0.0
2017-05-09,0,0.46325208587511385,1,0.006384053714922018,0.0
2017-05-10,0,0.4566374481346698,0,-0.004751980976183746,0.0
2017-05-11,0,0.34599577647276464,1,0.008611598991492903,0.0
2017-05-12,1,0.5513875887100932,1,0.013868312285364006,0.012868312285364007
2017-05-15,1,0.652650635686473,0,-0.002565397701789519,-0.003565397701789519
2017-05-16,0,0.4090788545585751,0,-0.0014782450949761981,0.0
2017-05-17,0,0.39699815416306045,0,-0.03415211624117347,0.0
2017-05-18,0,0.4622669602680136,1,0.015126209074510717,0.0
2017-05-19,0,0.4180020686524664,0,0.003402990309755222,0.0
2017-05-22,0,0.4746810967324962,1,0.006057927911491596,0.0
2017-05-23,1,0.5699437367142304,0,-0.0012345642364554041,-0.0022345642364554044
2017-05-24,0,0.3947603689306163,0,-0.0029956047854387004,0.0
2017-05-25,0,0.3352223491190559,0,0.0034502844539386008,0.0
2017-05-26,0,0.20833405610849323,0,-0.0016911976934130082,0.0
2017-05-30,0,0.3126098288240946,0,0.0003908921328630424,0.0
2017-05-31,0,0.2199641014215791,0,-0.0059394886336609914,0.0
2017-06-01,0,0.28494523270823907,0,0.0027454392306446723,0.0
2017-06-02,0,0.30811129769712603,1,0.014710526960935407,0.0
2017-06-05,0,0.4592279484308808,0,-0.009826260402453896,0.0
2017-06-06,0,0.36466713112626903,0,0.0033726323779610682,0.0
2017-06-07,0,0.3398840584304958,1,0.005938444800671871,0.0
2017-06-08,0,0.4291677321256007,0,-0.0024481547415624817,0.0
2017-06-09,0,0.4027331346878038,0,-0.039548325002049384,0.0
2017-06-12,0,0.3956216907457928,0,-0.024186405395998072,0.0
2017-06-13,0,0.3434820578618056,1,0.008013497611030096,0.0
2017-06-14,0,0.47447971957810076,0,-0.009802828159235152,0.0
2017-06-15,0,0.3693936890290584,0,-0.006011534340729403,0.0
2017-06-16,0,0.2929524499168665,0,-0.014098595310729286,0.0
2017-06-19,0,0.31723347702260013,1,0.028206284903658573,0.0
2017-06-20,1,0.5046839067171471,0,-0.009130215880869933,-0.010130215880869934
2017-06-21,0,0.30318005525814207,1,0.0059127460265986165,0.0
2017-06-22,0,0.49429696051075334,0,-0.0016465207663091865,0.0
2017-06-23,0,0.39131215056891955,0,0.004453627434425165,0.0
2017-06-26,0,0.27712653908170715,0,-0.0031493967066787204,0.0
2017-06-27,0,0.36839451356993097,0,-0.014436613953435975,0.0
2017-06-28,0,0.3564848613952238,1,0.014505103863592352,0.0
2017-06-29,0,0.3994888871012304,0,-0.014853062672621256,0.0
2017-06-30,0,0.3525744512748282,0,0.002363598907792601,0.0
2017-07-03,0,0.41537390533617535,0,-0.0036169793432872356,0.0
2017-07-05,0,0.32863392153972065,0,0.004103097697875171,0.0
2017-07-06,0,0.28881208568383504,0,-0.009483468085647923,0.0
2017-07-07,0,0.31118882028792116,1,0.01010767463450956,0.0
2017-07-10,0,0.4125260250919237,1,0.006085074156734128,0.0
2017-07-11,0,0.4426046866584219,0,0.0032346150935645083,0.0
2017-07-12,0,0.4635827005397839,0,0.0014424206287772328,0.0
2017-07-13,0,0.4434956886376472,1,0.013832243061138935,0.0
2017-07-14,0,0.4375185156625569,1,0.008557902674425811,0.0
2017-07-17,1,0.5293665439553198,0,0.0034829857486735156,0.0024829857486735156
2017-07-18,0,0.4683472688672673,0,0.0034705682904626863,0.0
2017-07-19,0,0.4191038977718157,1,0.006244089343702999,0.0
2017-07-20,1,0.5663966790433922,0,-0.00451271063259896,-0.00551271063259896
2017-07-21,0,0.434707520526764,0,-0.00046612310526530795,0.0
2017-07-24,0,0.44265890004669844,1,0.012038773667880634,0.0
2017-07-25,1,0.5364835115093629,0,0.004264754981775594,0.003264754981775594
2017-07-26,0,0.39998757192584944,0,0.004702859997310303,0.0
2017-07-27,0,0.30211104616253964,0,-0.019078278733101296,0.0
2017-07-28,0,0.3151241403375294,0,-0.007065240473546317,0.0
2017-07-31,0,0.3645730448281045,0,-0.005163767446118979,0.0
2017-08-01,0,0.4599211930059339,1,0.008836087539090015,0.0
2017-08-02,0,0.4262952955373862,1,0.04616826706027263,0.0
2017-08-03,1,0.534446480034921,0,-0.010041436555451361,-0.01104143655545136
2017-08-04,0,0.38453096849284857,1,0.0052574980142833655,0.0
2017-08-07,0,0.444692064851957,1,0.015355574350369399,0.0
2017-08-08,1,0.5454533963248295,1,0.007964932713390774,0.0069649327133907745
2017-08-09,1,0.579678487768792,1,0.0061033460364159145,0.0051033460364159145
2017-08-10,1,0.623983615269777,0,-0.032370300925228246,-0.03337030092522825
2017-08-11,0,0.47844489693705294,1,0.013811049273972895,0.0
2017-08-14,1,0.5444258880680656,1,0.014937686714769088,0.013937686714769089
2017-08-15,1,0.7298031042396298,1,0.01088826161810564,0.009888261618105638
2017-08-16,1,0.6788102316664224,0,-0.004030419891602979,-0.005030419891602979
2017-08-17,0,0.480446238440652,0,-0.019384876575117723,0.0
2017-08-18,1,0.5286989431281587,0,-0.0022838983953547393,-0.0032838983953547393
2017-08-21,1,0.5486798699863884,0,-0.0018424139642381002,-0.0028424139642381
2017-08-22,1,0.5281637974151739,1,0.01621534521514613,0.015215345215146128
2017-08-23,1,0.6275490143252116,0,0.0012511448070425108,0.00025114480704251075
2017-08-24,0,0.4121625413471032,0,-0.004448384845178826,0.0
2017-08-25,0,0.3202479852516301,0,0.003697783464278389,0.0
2017-08-28,0,0.3683529884974026,1,0.010020529360486296,0.0
2017-08-29,1,0.5021479048941117,1,0.008878691863683855,0.007878691863683854
2017-08-30,0,0.46862781709111223,0,0.0026973819808554307,0.0
2017-08-31,0,0.4134578971073323,0,0.003971021855292492,0.0
2017-09-01,0,0.4503659945816934,0,0.00030525606282550435,0.0
2017-09-05,0,0.36299859081281144,0,-0.012081484125554926,0.0
2017-09-06,0,0.36196865035723186,0,-0.0010493614418874426,0.0
2017-09-07,0,0.376878972258909,0,-0.004022485256311076,0.0
2017-09-08,0,0.40301737495450185,0,-0.016443501485071208,0.0
2017-09-11,0,0.33843430143970304,1,0.01793051503117459,0.0
2017-09-12,0,0.4695082906899863,0,-0.003970870245447918,0.0
2017-09-13,0,0.3675546636548778,0,-0.0075505007413920935,0.0
2017-09-14,0,0.38639990757780923,0,-0.008617951398980086,0.0
2017-09-15,0,0.40062426989949523,1,0.010057829673416991,0.0
2017-09-18,0,0.4638516733666871,0,-0.0075969564915398064,0.0
2017-09-19,0,0.3475410582695273,0,0.00037797964865682657,0.0
2017-09-20,0,0.40768444547367316,0,-0.01689974501234531,0.0
2017-09-21,0,0.2725247604846677,0,-0.017321036037697583,0.0
2017-09-22,0,0.3479110050139144,0,-0.009827514744280558,0.0
2017-09-25,0,0.3476799733397911,0,-0.008861108118266368,0.0
2017-09-26,0,0.49752530572655634,1,0.017057324816291852,0.0
2017-09-27,0,0.4660247216809011,1,0.007092327228345827,0.0
2017-09-28,0,0.4335024068014459,0,-0.006178984891759251,0.0
2017-09-29,0,0.37006923492653665,1,0.005465577677824843,0.0
2017-10-02,0,0.39581320285064936,0,-0.002013379526777204,0.0
2017-10-03,0,0.3205437565339182,0,0.004346353509294165,0.0
2017-10-04,0,0.3062811004484497,0,-0.006494278000898059,0.0
2017-10-05,0,0.22901730240617885,1,0.01236787850386586,0.0
2017-10-06,1,0.5695920563329036,0,-0.0005795304575257053,-0.0015795304575257053
2017-10-09,1,0.5038378524743382,0,0.003471525614136581,0.002471525614136581
2017-10-10,0,0.37257670621489075,0,0.00038463234703107964,0.0
2017-10-11,0,0.3579286817268499,0,0.0041607050290779725,0.0
2017-10-12,0,0.33363479215130815,0,-0.00351963006609141,0.0
2017-10-13,0,0.3235738464560931,1,0.006326442024220183,0.0
2017-10-16,1,0.5013751596362918,1,0.018241416948435875,0.017241416948435874
2017-10-17,0,0.440843761971819,0,0.0036833944158506976,0.0
2017-10-18,0,0.35081583101222874,0,-0.004434363223896074,0.0
2017-10-19,0,0.34675929113413007,0,-0.023945072283254782,0.0
2017-10-20,0,0.4479928996074185,0,0.0017295974074095703,0.0
2017-10-23,0,0.4123317993636656,0,-0.0005121110604148279,0.0
2017-10-24,1,0.5790897802725921,1,0.005937819851229873,0.004937819851229873
2017-10-25,1,0.51655648333659,0,-0.004402168158643515,-0.005402168158643515
2017-10-26,0,0.47140415150705084,1,0.0063731124137647735,0.0
2017-10-27,1,0.5217674892965715,1,0.03520293337309169,0.03420293337309169
2017-10-30,0,0.4524881038461965,1,0.022258890633542656,0.0
2017-10-31,0,0.3469190706379255,1,0.013819464483948902,0.0
2017-11-01,0,0.3561585587813918,0,-0.012800264394153202,0.0
2017-11-02,0,0.47183498726407985,1,0.007283792100382452,0.0
2017-11-03,1,0.5547888917291115,1,0.025778667564870853,0.024778667564870852
2017-11-06,1,0.6360405995857178,1,0.010093899315131766,0.009093899315131767
2017-11-07,1,0.6748222489224217,0,0.0032083066724274017,0.0022083066724274017
2017-11-08,0,0.47085742641629413,1,0.008147283964344837,0.0
2017-11-09,1,0.5810306977044888,0,-0.0020449101886610517,-0.0030449101886610517
2017-11-10,0,0.44196155292151573,0,-0.0033150403279537206,0.0
2017-11-13,0,0.3115178152201312,0,-0.004015588484606167,0.0
2017-11-14,0,0.2938396587993346,0,-0.015233079887521643,0.0
2017-11-15,0,0.3018944748188642,0,-0.013278086527951484,0.0
2017-11-16,0,0.3780446037124485,1,0.011876790833558014,0.0
2017-11-17,1,0.5542129804464493,0,-0.005568078308006039,-0.006568078308006039
2017-11-20,0,0.47470225525705323,0,-0.000999533295646029,0.0
2017-11-21,0,0.4275697035229837,1,0.018419699865746476,0.0
2017-11-22,0,0.45648051113409593,1,0.010457142402584598,0.0
2017-11-24,0,0.4161234844792967,0,5.702884738690602e-05,0.0
2017-11-27,0,0.34174649522297623,0,-0.0050420808695293765,0.0
2017-11-28,0,0.29316604149463776,0,-0.005876712077396096,0.0
2017-11-29,0,0.3343447094557693,0,-0.020961002625238385,0.0
2017-11-30,0,0.36652651721934476,1,0.01388698248484576,0.0
2017-12-01,0,0.4450287472445968,0,-0.004665932187450984,0.0
2017-12-04,0,0.42046467710080093,0,-0.0073346130715102225,0.0
2017-12-05,0,0.3618468186030328,0,-0.0009430621107822604,0.0
2017-12-06,0,0.27592205935656977,0,-0.0037204872986518036,0.0
2017-12-07,0,0.27715218720165036,0,0.0018327499803243732,0.0
2017-12-08,0,0.1955564834759891,0,0.00029528119779258997,0.0
2017-12-11,0,0.2230081363283169,1,0.019296378371446342,0.0
2017-12-12,0,0.32513579112994834,0,-0.0056335323155785435,0.0
2017-12-13,0,0.24456187407867575,0,0.003314366765210599,0.0
2017-12-14,0,0.3637003381035,0,-0.00029040440816112075,0.0
2017-12-15,0,0.2642592207844028,1,0.010110184234528226,0.0
2017-12-18,0,0.3874611316442691,1,0.013984574585059322,0.0
2017-12-19,0,0.3993067889624529,0,-0.010713570738535775,0.0
2017-12-20,0,0.31679062752287646,0,-0.0010893020735724868,0.0
2017-12-21,0,0.4250367245212091,0,0.0037785445108273,0.0
2017-12-22,0,0.3954683107069472,0,0.0,0.0
2017-12-26,0,0.33606354893343066,0,-0.025697477859934304,0.0
2017-12-27,0,0.3348933015430245,0,0.00017595737079066035,0.0
2017-12-28,0,0.3939601824350499,0,0.0028096858627151403,0.0
2017-12-29,0,0.49658047119302107,0,-0.010872546358677238,0.0
2018-01-02,0,0.39505781300479287,1,0.01774624288063749,0.0
2018-01-03,0,0.44254651404363565,0,-0.00017445091193893773,0.0
2018-01-04,0,0.3522788693179273,0,0.004634511235108458,0.0
2018-01-05,0,0.33860041826079074,1,0.011320968790264407,0.0
2018-01-08,0,0.45199504722796013,0,-0.0037214355197930375,0.0
2018-01-09,0,0.3478023797803646,0,-0.00011437310342377852,0.0
2018-01-10,0,0.2608262534778112,0,-0.0002294402747709161,0.0
2018-01-11,0,0.23676433243872377,1,0.005663813249059679,0.0
2018-01-12,0,0.4349882140257707,1,0.010273326604810805,0.0
2018-01-16,0,0.45419523494393826,0,-0.005094830241688682,0.0
2018-01-17,0,0.3105677960330466,1,0.016381196140570965,0.0
2018-01-18,0,0.38945446772263376,0,0.0008929991340419534,0.0
2018-01-19,0,0.20809414254849923,0,-0.004472717494226388,0.0
2018-01-22,0,0.35371772410549085,0,-0.008214982493011787,0.0
2018-01-23,0,0.2752291720261791,0,0.0002262962203221459,0.0
2018-01-24,0,0.27063754845161986,0,-0.016057239626363844,0.0
2018-01-25,0,0.3047260961843973,0,-0.018012000660386024,0.0
2018-01-26,0,0.4091267726784234,0,0.002335249884883698,0.0
2018-01-29,0,0.3595934460599504,0,-0.020915923238202485,0.0
2018-01-30,0,0.3431658039452325,0,-0.005911675116832627,0.0
2018-01-31,0,0.3448825017087277,0,0.0027511084844581576,0.0
2018-02-01,0,0.3680303118936245,0,0.0020878445764630593,0.0
2018-02-02,0,0.3819331041568935,0,-0.04435937993677408,0.0
2018-02-05,0,0.3741362493238269,0,-0.025301549685143483,0.0
2018-02-06,0,0.36138744391169747,1,0.04094208833125548,0.0
2018-02-07,0,0.49525927248585566,0,-0.021639887647841506,0.0
2018-02-08,0,0.3493112425312011,0,-0.027902090582772217,0.0
2018-02-09,0,0.35495634395893416,1,0.01215732823800306,0.0
2018-02-12,0,0.46690410663961646,1,0.039488665374719026,0.0
2018-02-13,0,0.43254701900836956,1,0.009967778203095247,0.0
2018-02-14,0,0.41692639798668046,1,0.018269718688790612,0.0
2018-02-15,1,0.6324210497148767,1,0.03302677701431899,0.03202677701431899
2018-02-16,1,0.5893539955022763,0,-0.003242581607451929,-0.0042425816074519295
2018-02-20,0,0.46222378465649355,0,-0.0033694384668611446,0.0
2018-02-21,0,0.39403625002561893,0,-0.00454898104397352,0.0
2018-02-22,0,0.37894345362535586,1,0.00832421178202137,0.0
2018-02-23,1,0.5258045190927546,1,0.017241994698965687,0.016241994698965687
2018-02-26,1,0.5426879400893463,1,0.019579442061712703,0.018579442061712702
2018-02-27,0,0.49033368176098285,0,-0.0032462916835394626,0.0
2018-02-28,0,0.19031441417248413,0,-0.0015146970291470849,0.0
2018-03-01,0,0.24263187163825292,0,-0.017671584189751087,0.0
2018-03-02,0,0.26267184310734343,1,0.0068904509214140226,0.0
2018-03-05,0,0.45754894007664737,0,0.003455925030828802,0.0
2018-03-06,0,0.343697905680179,0,-0.000848983638673808,0.0
2018-03-07,0,0.288533836748496,0,-0.009325564662588808,0.0
2018-03-08,0,0.35477894537178883,1,0.010852867910534069,0.0
2018-03-09,0,0.4098663755777847,1,0.01703518853167219,0.0
2018-03-12,1,0.5184584480705908,1,0.009621188736268885,0.008621188736268885
2018-03-13,0,0.4978068164962931,0,-0.00967676583999602,0.0
2018-03-14,0,0.41566444699345956,0,-0.008537710515999133,0.0
2018-03-15,0,0.3013774442587481,0,0.0011760123065479118,0.0
2018-03-16,0,0.40114092062814394,0,-0.003532467724465865,0.0
2018-03-19,0,0.4477258035382403,0,-0.015397359997482247,0.0
2018-03-20,0,0.36416420126282334,0,-0.0003420436213076082,0.0
2018-03-21,0,0.25948870548543773,0,-0.022915662009287747,0.0
2018-03-22,0,0.39659771231715246,0,-0.01423014128845959,0.0
2018-03-23,0,0.3257142915010898,0,-0.023428673136303063,0.0
2018-03-26,0,0.30346398542529923,1,0.04637916426181717,0.0
2018-03-27,1,0.5483252300402346,0,-0.02597576588531869,-0.026975765885318692
2018-03-28,0,0.439579829229435,0,-0.011110419270084727,0.0
2018-03-29,1,0.5669254337679535,1,0.007778409112503837,0.006778409112503837
2018-04-02,1,0.5253784692225215,0,-0.006577778113135785,-0.007577778113135785
2018-04-03,1,0.611729802752881,1,0.010206739660394282,0.009206739660394283
2018-04-04,1,0.6898234291494484,1,0.018941971012681618,0.017941971012681617
2018-04-05,1,0.5804865163887708,1,0.0069106068420423635,0.0059106068420423635
2018-04-06,1,0.5793363952303364,0,-0.025911691059276105,-0.026911691059276106
2018-04-09,0,0.4563552301094096,1,0.009869047713569416,0.0
2018-04-10,1,0.5934495155244905,1,0.01864304013982889,0.01764304013982889
2018-04-11,1,0.5120998585423956,0,-0.0046860459058189145,-0.0056860459058189145
2018-04-12,0,0.4733087479590344,1,0.009809949007969563,0.0
2018-04-13,1,0.6122208683802686,0,0.0033823568707865583,0.0023823568707865583
2018-04-16,1,0.5312943566254288,1,0.006219163056839934,0.0052191630568399336
2018-04-17,0,0.4998961877903987,1,0.01367012854170422,0.0
2018-04-18,1,0.5199568415328856,0,-0.0022467903551454302,-0.0032467903551454303
2018-04-19,0,0.21102688687919222,0,-0.02874915801045797,0.0
2018-04-20,0,0.2978970511018423,0,-0.041835577543659457,0.0
2018-04-23,0,0.40496708314484275,0,-0.0029005920623421267,0.0
2018-04-24,0,0.4446323170020133,0,-0.0140168550095109,0.0
2018-04-25,1,0.5017578905436385,0,0.0043477561951624135,0.0033477561951624135
2018-04-26,1,0.5576785506087848,0,0.0034771639673304156,0.0024771639673304155
2018-04-27,0,0.33101421233242695,0,-0.011637410090679597,0.0
2018-04-30,0,0.34735211981331643,1,0.017950403817858115,0.0
2018-05-01,1,0.508804809573426,1,0.02297054121287824,0.02197054121287824
2018-05-02,1,0.6338572507619692,1,0.043226996499363256,0.042226996499363255
2018-05-03,1,0.6538221684113708,0,0.0018104797469097617,0.0008104797469097617
2018-05-04,0,0.45002338925127083,1,0.038483385928984086,0.0
2018-05-07,0,0.4356788939653831,1,0.007208933335508898,0.0
2018-05-08,0,0.4459417601434842,0,0.00479502046490709,0.0
2018-05-09,0,0.30409707073275666,1,0.0070167133195295365,0.0
2018-05-10,1,0.5042046372654997,1,0.014202340402326595,0.013202340402326596
2018-05-11,0,0.3781426944670041,0,-0.0038103704661026807,0.0
2018-05-14,0,0.1663449352304941,0,-0.002335679633996659,0.0
2018-05-15,0,0.12074148229104019,0,-0.009130055873183237,0.0
2018-05-16,0,0.09964360717217356,1,0.009289003500962323,0.0
2018-05-17,0,0.38355180186022575,0,-0.006343264889739425,0.0
2018-05-18,0,0.15552852730881883,0,-0.003643441163869712,0.0
2018-05-21,0,0.15493927824289078,1,0.007060052237398587,0.0
2018-05-22,0,0.32499519852076264,0,-0.0025079508152923294,0.0
2018-05-23,0,0.3102327900745653,1,0.006391023471145719,0.0
2018-05-24,0,0.47760010522342733,0,-0.0011153664674220457,0.0
2018-05-25,0,0.37269848305756653,0,0.002282843690446789,0.0
2018-05-29,0,0.37041197734457093,0,-0.0036124940703163816,0.0
2018-05-30,0,0.29414593149214346,0,-0.0021310730838555066,0.0
2018-05-31,0,0.3237769606091343,0,-0.003366007690445675,0.0
2018-06-01,0,0.24613757047070423,1,0.017873621650940495,0.0
2018-06-04,0,0.2821602926584877,1,0.008322943008388352,0.0
2018-06-05,0,0.3781575265797024,1,0.007685825368565659,0.0
2018-06-06,0,0.40526581645500853,0,0.003459789215768771,0.0
2018-06-07,0,0.35296107817963074,0,-0.0026841614363777187,0.0
2018-06-08,0,0.4300012652277551,0,-0.00913912339192976,0.0
2018-06-11,0,0.3075959419999464,0,-0.0024550614239141587,0.0
2018-06-12,0,0.29098407759682104,1,0.005475646432167844,0.0
2018-06-13,0,0.35174080855658224,0,-0.008250794177741074,0.0
2018-06-14,0,0.4183616705304251,0,0.0005241434040977118,0.0
2018-06-15,0,0.3912644475087053,0,-0.010325714604491854,0.0
2018-06-18,0,0.43881277817926745,0,-0.0005296707408870511,0.0
2018-06-19,0,0.308758321755718,0,-0.016291656546662116,0.0
2018-06-20,0,0.29475338159798087,0,0.004352714289371597,0.0
2018-06-21,0,0.18694633106185468,0,-0.005592184509229318,0.0
2018-06-22,0,0.24759969370519694,0,-0.0029163672657507287,0.0
2018-06-25,0,0.28668936784731963,0,-0.014982553774990524,0.0
2018-06-26,0,0.257462156232198,1,0.012329491226694994,0.0
2018-06-27,0,0.40796067585812296,0,-0.0014651326692726636,0.0
2018-06-28,0,0.41741259557837745,1,0.007250054718866982,0.0
2018-06-29,0,0.4398923888755736,0,-0.0021043216525053372,0.0
2018-07-02,0,0.4115815060246842,1,0.011120057808307491,0.0
2018-07-03,0,0.382833598184293,0,-0.017569564231999082,0.0
2018-07-05,0,0.3408383280937224,1,0.008014792277797826,0.0
2018-07-06,0,0.42711165012939906,1,0.013766901741888132,0.0
2018-07-09,1,0.5003333258948621,1,0.013789777439259182,0.012789777439259183
2018-07-10,0,0.485448834812272,0,-0.0012079876756803762,0.0
2018-07-11,0,0.44275170704343486,0,-0.013060876921500646,0.0
2018-07-12,0,0.38255512391059154,1,0.01662695797491243,0.0
2018-07-13,0,0.36096564559550065,0,0.0015694013924269937,0.0
2018-07-16,0,0.38624445448035144,0,-0.0021977166803199178,0.0
2018-07-17,0,0.23832803192541913,0,0.002824484079624318,0.0
2018-07-18,0,0.2561168446997997,0,-0.005499534443768689,0.0
2018-07-19,0,0.2190750164822582,1,0.0077430735451100826,0.0
2018-07-20,0,0.40937881161314366,0,-0.00229541674244458,0.0
2018-07-23,0,0.38725284781535274,0,0.0008872945683719311,0.0
2018-07-24,0,0.33967768949003385,1,0.007227983474298036,0.0
2018-07-25,0,0.2848111354351239,1,0.009386174870338966,0.0
2018-07-26,0,0.38976551797082126,0,-0.0031361312879748748,0.0
2018-07-27,0,0.24924201450647712,0,-0.016771631044424536,0.0
2018-07-30,0,0.28556244376005496,0,-0.005618206790517841,0.0
2018-07-31,0,0.28647705384007244,0,0.001998743389017152,0.0
2018-08-01,0,0.32887962655940844,1,0.057240552799706086,0.0
2018-08-02,0,0.44363402602007945,1,0.028811503330379774,0.0
2018-08-03,0,0.4515217261054923,0,0.0028889785940092944,0.0
2018-08-06,0,0.3415496197673636,1,0.005179128923874845,0.0
2018-08-07,0,0.492231091011657,0,-0.009418883154765668,0.0
2018-08-08,0,0.2898556737849451,0,0.0006754207729454275,0.0
2018-08-09,0,0.19235224084744243,1,0.007834356175666243,0.0
2018-08-10,0,0.3589079407411521,0,-0.0029832090519813282,0.0
2018-08-13,0,0.23416676996052443,1,0.006436202761079037,0.0
2018-08-14,0,0.4165967613797883,0,0.00420435130435807,0.0
2018-08-15,0,0.3466717847518601,0,0.002333229475743699,0.0
2018-08-16,0,0.30959310876192236,1,0.01454387841626395,0.0
2018-08-17,0,0.47082674599463664,1,0.019773064310381772,0.0
2018-08-20,1,0.5246464994301899,0,-0.009791127315246959,-0.010791127315246958
2018-08-21,0,0.4147963666268024,0,-0.0019515673037478105,0.0
2018-08-22,0,0.3549995279956512,0,4.6547653843707983e-05,0.0
2018-08-23,0,0.3321594132715229,0,0.00204400988086506,0.0
2018-08-24,0,0.3083393441040776,0,0.0031043618752144473,0.0
2018-08-27,0,0.3046407228286004,1,0.008200895901028293,0.0
2018-08-28,0,0.4676142962042147,1,0.008043289345475024,0.0
2018-08-29,0,0.48925889210887585,1,0.014819116689540862,0.0
2018-08-30,1,0.5093189244564591,1,0.009151725934952054,0.008151725934952055
2018-08-31,1,0.5178616447889763,1,0.011487613027406555,0.010487613027406556
2018-09-04,1,0.5385737906980519,0,0.0032017963278884658,0.0022017963278884657
2018-09-05,0,0.3608942998481007,0,-0.006546232775314111,0.0
2018-09-06,0,0.2645896334410327,0,-0.016756858976363937,0.0
2018-09-07,0,0.2156547224161861,0,-0.008100990131217478,0.0
2018-09-10,0,0.26362465590898687,0,-0.013511515715605571,0.0
2018-09-11,0,0.26851451840069485,1,0.024968500998150858,0.0
2018-09-12,0,0.42959279518827725,0,-0.012496695988749154,0.0
2018-09-13,0,0.4165616839959981,1,0.023867831527099637,0.0
2018-09-14,0,0.47987850518696823,0,-0.011415781253366484,0.0
2018-09-17,0,0.34826751327307776,0,-0.026986821163932334,0.0
2018-09-18,0,0.35498083341363107,0,0.0016506982587050746,0.0
2018-09-19,0,0.2481334990019666,0,0.0005953447144479045,0.0
2018-09-20,0,0.27940802520878977,1,0.007573200264654738,0.0
2018-09-21,1,0.5710085166542226,0,-0.010829885263545832,-0.011829885263545833
2018-09-24,0,0.4374480161831493,1,0.014277817419193194,0.0
2018-09-25,0,0.48764715169472517,1,0.006321099797706668,0.0
2018-09-26,1,0.6615103853878754,0,-0.007998056551802411,-0.00899805655180241
2018-09-27,1,0.502022199822774,1,0.020343229227201973,0.019343229227201972
2018-09-28,1,0.5061721901891898,0,0.003505755076626404,0.002505755076626404
2018-10-01,0,0.41264474951394225,1,0.006710968188438243,0.0
2018-10-02,0,0.4779086801105543,1,0.008849036611363935,0.0
2018-10-03,1,0.5614319031444989,1,0.012095038338859308,0.011095038338859307
2018-10-04,1,0.6311499219000464,0,-0.01773735750433664,-0.01873735750433664
2018-10-05,0,0.3974230468566931,0,-0.016361615474194725,0.0
2018-10-08,0,0.32053636097226906,0,-0.0023212438677122217,0.0
2018-10-09,0,0.27993246195976484,1,0.013758301468379192,0.0
2018-10-10,0,0.4901710234806735,0,-0.04743337612264189,0.0
2018-10-11,0,0.46657541076075515,0,-0.008867195536255451,0.0
2018-10-12,0,0.3879242356786596,1,0.035096335047421545,0.0
2018-10-15,0,0.3782786504078922,0,-0.021617709982568657,0.0
2018-10-16,0,0.4606507029959448,1,0.021797744189554043,0.0
2018-10-17,1,0.6311516523085252,0,-0.004330739434889291,-0.005330739434889291
2018-10-18,1,0.5832473061393645,0,-0.023651032337945944,-0.024651032337945945
2018-10-19,0,0.4953562053376466,1,0.015115243953431255,0.0
2018-10-22,1,0.558975429620822,1,0.006091539365540709,0.005091539365540709
2018-10-23,1,0.5016756693116616,1,0.009382536177694852,0.008382536177694851
2018-10-24,1,0.5941506712833426,0,-0.03490397739566573,-0.03590397739566573
2018-10-25,1,0.5450833594052971,1,0.021661756395700296,0.020661756395700295
2018-10-26,1,0.6211486176162931,0,-0.016051754814843878,-0.01705175481484388
2018-10-29,0,0.4692453873368011,0,-0.018948532337731132,0.0
2018-10-30,0,0.46760838167552315,0,0.004981514508834659,0.0
2018-10-31,0,0.3292985489694531,1,0.02573288570656922,0.0
2018-11-01,1,0.5226190317006506,1,0.015235850381533354,0.014235850381533355
2018-11-02,1,0.5459884859923373,0,-0.06863320537056845,-0.06963320537056845
2018-11-05,0,0.41296702178618117,0,-0.028798900754722072,0.0
2018-11-06,0,0.44125153313696075,1,0.010755979434984695,0.0
2018-11-07,1,0.5142395640796109,1,0.029877361600974154,0.028877361600974153
2018-11-08,1,0.5702625445192543,0,-0.0034951392282617615,-0.0044951392282617615
2018-11-09,1,0.6018868339176405,0,-0.019469748819326158,-0.02046974881932616
2018-11-12,1,0.5739412119854665,0,-0.05168745454964542,-0.05268745454964542
2018-11-13,1,0.5830203573774554,0,-0.010041366416516961,-0.01104136641651696
2018-11-14,1,0.5986962763293968,0,-0.028654050447766536,-0.029654050447766537
2018-11-15,0,0.3846186850356682,1,0.024379240454018226,0.0
2018-11-16,1,0.5038358954683102,1,0.011014856278280827,0.010014856278280828
2018-11-19,1,0.6669853695990747,0,-0.040438825543724466,-0.04143882554372447
2018-11-20,0,0.48697670153309647,0,-0.048957132942674855,0.0
2018-11-21,0,0.45560108225879936,0,-0.0011304300070269196,0.0
2018-11-23,1,0.5354359374333533,0,-0.02572692664270622,-0.02672692664270622
2018-11-26,0,0.36362798591548917,1,0.01343297367711347,0.0
2018-11-27,0,0.474181729087654,0,-0.0021783350145195726,0.0
2018-11-28,0,0.38453591285185346,1,0.037731696408709874,0.0
2018-11-29,1,0.672938559342513,0,-0.007711759317438018,-0.008711759317438018
2018-11-30,1,0.5528539390095236,0,-0.005417241163091812,-0.006417241163091812
2018-12-03,1,0.5339405258628392,1,0.03434597438492089,0.03334597438492089
2018-12-04,1,0.6290092655967511,0,-0.04498598395362005,-0.04598598395362005
2018-12-06,0,0.42812529743388233,0,-0.011211893081880572,0.0
2018-12-07,0,0.39990006989469096,0,-0.036307976828480436,0.0
2018-12-10,0,0.37328721511355284,1,0.006566081524543942,0.0
2018-12-11,1,0.5347301378806556,0,-0.005736065586519243,-0.006736065586519243
2018-12-12,0,0.49153071306146684,0,0.002783476090901387,0.0
2018-12-13,0,0.42330964686716066,1,0.010880904133578477,0.0
2018-12-14,0,0.4561105150706968,0,-0.03252066016220951,0.0
2018-12-17,0,0.4197097937924831,0,-0.009349994435635771,0.0
2018-12-18,0,0.42310636219829356,1,0.012908874120436844,0.0
2018-12-19,0,0.4723203056649827,0,-0.03168867543554308,0.0
2018-12-20,0,0.4557041839050944,0,-0.0255582840781876,0.0
2018-12-21,0,0.45036291041183313,0,-0.03967235728843222,0.0
2018-12-24,0,0.4405746239601493,0,-0.02621468804314942,0.0
2018-12-26,0,0.40325743489660615,1,0.06805266723274801,0.0
2018-12-27,1,0.559494536181945,0,-0.006510986445433962,-0.007510986445433962
2018-12-28,0,0.40588186736281673,0,0.000512357736039582,0.0
2018-12-31,0,0.42849801646753294,1,0.009618857998277877,0.0
2019-01-02,0,0.46331609459067685,0,0.0011403682441812385,0.0
2019-01-03,0,0.29435776079016757,0,-0.10492451266017405,0.0
2019-01-04,0,0.32757573379661353,1,0.04180325533363321,0.0
2019-01-07,0,0.4775906618976017,0,-0.0022282691246012995,0.0
2019-01-08,0,0.2762857365481215,1,0.018883830075356677,0.0
2019-01-09,0,0.43461124798978745,1,0.016839085463909206,0.0
2019-01-10,1,0.5112822354056515,0,0.0031911297304816474,0.0021911297304816474
2019-01-11,0,0.3919249020675867,0,-0.009866385587729362,0.0
2019-01-14,0,0.35359006351152766,0,-0.015151631106912918,0.0
2019-01-15,0,0.4043620042679592,1,0.02026034134069813,0.0
2019-01-16,1,0.540317392875465,1,0.012142440199347623,0.011142440199347622
2019-01-17,1,0.6030979823344969,1,0.005920430594493252,0.004920430594493252
2019-01-18,1,0.6696431842656267,1,0.006140460161416934,0.005140460161416934
2019-01-22,1,0.7274167923120831,0,-0.022702061483731318,-0.02370206148373132
2019-01-23,1,0.5974446479752001,0,0.0040362677391986256,0.0030362677391986255
2019-01-24,1,0.508375444676927,0,-0.007957814836995697,-0.008957814836995696
2019-01-25,0,0.4101409133984772,1,0.03259993955664753,0.0
2019-01-28,1,0.5951247949704976,0,-0.009297865089100053,-0.010297865089100054
2019-01-29,1,0.5004513285613345,0,-0.010418896419407013,-0.011418896419407014
2019-01-30,0,0.403046583009605,1,0.06610132650227754,0.0
2019-01-31,0,0.48212914922380506,1,0.007175118725287809,0.0
2019-02-01,0,0.44112187919793117,0,0.00048059285299014776,0.0
2019-02-04,0,0.431648476239941,1,0.02800913457064737,0.0
2019-02-05,0,0.403014579793222,1,0.016964825152611978,0.0
2019-02-06,0,0.4858337990516327,0,0.00034456625493806245,0.0
2019-02-07,0,0.4203268237433505,0,-0.019120951750260774,0.0
2019-02-08,0,0.3515522908648544,0,0.0011739079028483125,0.0
2019-02-11,0,0.3208201358582503,0,-0.005767438408871187,0.0
2019-02-12,0,0.3970515737864293,1,0.008580049965847701,0.0
2019-02-13,1,0.540043731867353,0,-0.004163288469567378,-0.005163288469567378
2019-02-14,0,0.3982552313230633,0,0.0036368713381726672,0.0
2019-02-15,0,0.40871033917926597,0,-0.002227629040973538,0.0
2019-02-19,0,0.3061455709849989,0,0.0029884714559980084,0.0
2019-02-20,0,0.3390462231724647,1,0.006414515099837973,0.0
2019-02-21,0,0.4407169802680784,0,-0.005654344626790594,0.0
2019-02-22,0,0.40987217598163944,1,0.01110408885486754,0.0
2019-02-25,0,0.49540586788075625,1,0.007257794751475367,0.0
2019-02-26,0,0.49726197787263865,0,0.0005738587716989544,0.0
2019-02-27,1,0.516696335818441,0,0.0030925010965997903,0.0020925010965997903
2019-02-28,0,0.4655833155674535,0,-0.00988433371426126,0.0
2019-03-01,0,0.4111457378527252,1,0.010456092965708166,0.0
2019-03-04,0,0.441246474916112,1,0.0050167618244613965,0.0
2019-03-05,0,0.4219417105706229,0,-0.0018215568924665187,0.0
2019-03-06,0,0.43595911572175206,0,-0.005770195841533806,0.0
2019-03-07,0,0.33132672840514393,0,-0.011641989895959397,0.0
2019-03-08,0,0.35864618760286254,0,0.0023737878852301618,0.0
2019-03-11,0,0.39275417629589393,1,0.034055731947168356,0.0
2019-03-12,1,0.5078434584141871,1,0.01117293801776818,0.010172938017768179
2019-03-13,1,0.5073445760121537,0,0.0044119036010184095,0.0034119036010184095
2019-03-14,0,0.36449718455187174,1,0.01105525477249655,0.0
2019-03-15,0,0.37001183993382675,1,0.012924461417435933,0.0
2019-03-18,1,0.5022119511518165,1,0.010156662139352277,0.009156662139352276
2019-03-19,1,0.5463593764120919,0,-0.007956221575586191,-0.00895622157558619
2019-03-20,0,0.37953626652104766,1,0.008700704369839303,0.0
2019-03-21,1,0.5044938288295583,1,0.03616829106890312,0.03516829106890312
2019-03-22,1,0.5131509518873382,0,-0.02092576649174461,-0.02192576649174461
2019-03-25,0,0.40917612813808185,0,-0.012164613894227837,0.0
2019-03-26,0,0.4635223677565557,0,-0.01038543643174566,0.0
2019-03-27,0,0.44612550928384015,1,0.008953708090176885,0.0
2019-03-28,0,0.4978377248300822,0,0.001325455876155989,0.0
2019-03-29,0,0.41326279576660235,1,0.0064966486467015585,0.0
2019-04-01,0,0.48268282010296454,1,0.0067680584427020005,0.0
2019-04-02,1,0.5175857598898703,1,0.014432283797567565,0.013432283797567564
2019-04-03,1,0.5452430308930353,1,0.006831343032665339,0.005831343032665339
2019-04-04,1,0.5969101288737804,0,0.001739147376149288,0.000739147376149288
2019-04-05,1,0.5313225446375707,1,0.0066718421304937155,0.0056718421304937155
2019-04-08,1,0.5425938852148517,1,0.015613712193151158,0.01461371219315116
2019-04-09,1,0.6351870965360562,0,-0.003002808015711535,-0.0040028080157115346
2019-04-10,0,0.47551993619699123,1,0.005598084819580862,0.0
2019-04-11,0,0.4877380124531111,0,-0.008359078085062439,0.0
2019-04-12,0,0.4401961604479114,0,-0.00040236935298967815,0.0
2019-04-15,0,0.4538462310336939,0,0.0018085053996575488,0.0
2019-04-16,1,0.5024509670071524,0,0.00010050601414939394,-0.0008994939858506061
2019-04-17,0,0.47688785157917724,1,0.01928585159788353,0.0
2019-04-18,1,0.5374356643956704,0,0.003587443775638324,0.002587443775638324
2019-04-22,0,0.4925179379199007,0,0.003281334601532475,0.0
2019-04-23,0,0.36751041050589983,1,0.014320116779534073,0.0
2019-04-24,0,0.46011769660789165,0,-0.0015436487225251156,0.0
2019-04-25,0,0.4038842181763551,0,-0.009116295662047972,0.0
2019-04-26,0,0.3260407504725276,0,-0.004785635151357943,0.0
2019-04-29,0,0.2855864899011655,0,0.0015166211433521053,0.0
2019-04-30,0,0.3850802356174995,0,-0.01944416568060369,0.0
2019-05-01,0,0.4564218100920529,1,0.047918897692332894,0.0
2019-05-02,1,0.5959226074509775,0,-0.006529289186456132,-0.007529289186456132
2019-05-03,0,0.48350006687146907,1,0.01235499326887918,0.0
2019-05-06,0,0.4985863266867863,0,-0.01556311635477572,0.0
2019-05-07,0,0.4334293877496284,0,-0.02732725568550993,0.0
2019-05-08,0,0.4762504410636144,0,0.00019724783363314613,0.0
2019-05-09,1,0.5895030420870645,0,-0.010802592042803446,-0.011802592042803445
2019-05-10,1,0.531851022058238,0,-0.013950154545893255,-0.014950154545893254
2019-05-13,1,0.6063284473472852,0,-0.05987666294967649,-0.06087666294967649
2019-05-14,1,0.5412064087999826,1,0.015706473190901665,0.014706473190901664
2019-05-15,1,0.5656722070759147,1,0.0119077988893851,0.0109077988893851
2019-05-16,1,0.5720465960831944,0,-0.004409532093472077,-0.005409532093472077
2019-05-17,0,0.4345072838391303,0,-0.005698168162548765,0.0
2019-05-20,0,0.3607116702493691,0,-0.03176905315558851,0.0
2019-05-21,0,0.3782693363945206,1,0.018989468004897807,0.0
2019-05-22,1,0.5231322918778144,0,-0.020683920653482808,-0.02168392065348281
2019-05-23,0,0.36259010397815716,0,-0.01721713843484295,0.0
2019-05-24,0,0.36811208032434733,0,-0.0038479274773584138,0.0
2019-05-28,0,0.34507249237701565,0,-0.0041436315136871744,0.0
2019-05-29,0,0.32109138700347406,0,-0.0047802836823670454,0.0
2019-05-30,0,0.2850574280758566,1,0.005172919701983189,0.0
2019-05-31,0,0.42668563273814525,0,-0.018281531758887592,0.0
2019-06-03,0,0.42205523254156274,0,-0.010161527173959062,0.0
2019-06-04,0,0.3453201258919742,1,0.03593067774265841,0.0
2019-06-05,0,0.46325925939809026,1,0.01601454065437242,0.0
2019-06-06,0,0.43198648811833784,1,0.01457460236420592,0.0
2019-06-07,1,0.5049932229052111,1,0.02626930380129978,0.02526930380129978
2019-06-10,1,0.5201029287568047,1,0.012698119974192111,0.011698119974192112
2019-06-11,1,0.5880238071536606,1,0.011513079962491405,0.010513079962491404
2019-06-12,1,0.536132696292811,0,-0.0031874026468680524,-0.004187402646868052
2019-06-13,0,0.40412655987555984,0,-0.0002061258272537479,0.0
2019-06-14,0,0.30493861439848735,0,-0.007288833998859465,0.0
2019-06-17,0,0.27301071566453183,1,0.005948883407825191,0.0
2019-06-18,0,0.41286937363459414,1,0.02324609340913954,0.0
2019-06-19,0,0.48849355006944295,0,-0.0029267159675252226,0.0
2019-06-20,0,0.4331732420220085,1,0.008003185268111218,0.0
2019-06-21,0,0.4378560229632377,0,-0.0034148712889233855,0.0
2019-06-24,0,0.39309659469260194,0,-0.001006672729591738,0.0
2019-06-25,0,0.25601549616593805,0,-0.015273813119435353,0.0
2019-06-26,0,0.41960718003112646,1,0.021398549326278247,0.0
2019-06-27,1,0.5563732548700123,0,-0.00030012269524896376,-0.0013001226952489638
2019-06-28,1,0.5065906214487648,0,-0.009153688956572965,-0.010153688956572964
2019-07-01,1,0.5303065494357351,1,0.018174466870552478,0.017174466870552477
2019-07-02,1,0.5441598859107643,1,0.0058374310379339526,0.0048374310379339525
2019-07-03,1,0.5815541561966815,1,0.008252801551283169,0.007252801551283169
2019-07-05,1,0.50466724059056,0,-0.0008810198127905407,-0.0018810198127905409
2019-07-08,0,0.4501482797158354,0,-0.020829364982635545,0.0
2019-07-09,0,0.43012935405978436,1,0.006080776794531854,0.0
2019-07-10,0,0.4842754468234731,1,0.00984021462646344,0.0
2019-07-11,1,0.5809777355102893,0,-0.007309151147583237,-0.008309151147583238
2019-07-12,1,0.59319809985505,1,0.007653495953869807,0.006653495953869807
2019-07-15,1,0.6682852808399626,1,0.009351224829684517,0.008351224829684516
2019-07-16,1,0.5885692107230662,0,-0.003465957257753918,-0.0044659572577539185
2019-07-17,1,0.5973557868590161,0,-0.0056392900264262275,-0.0066392900264262275
2019-07-18,1,0.5157384977041819,1,0.011295687821170308,0.010295687821170307
2019-07-19,1,0.5220315294469714,0,-0.015040085320569158,-0.016040085320569157
2019-07-22,1,0.5527471572198313,1,0.022596904434625188,0.021596904434625187
2019-07-23,1,0.5447058508771356,1,0.00778704224132529,0.00678704224132529
2019-07-24,0,0.44001590708636873,0,-0.0008141424472301146,0.0
2019-07-25,1,0.5411643783194305,0,-0.007938628205938748,-0.00893862820593875
2019-07-26,0,0.3788403892163332,0,0.0034719287958317876,0.0
2019-07-29,0,0.293480488668791,1,0.009295138438384228,0.0
2019-07-30,1,0.5625752380348882,0,-0.004301273503960209,-0.005301273503960209
2019-07-31,1,0.5784484015369242,1,0.020198705387307052,0.01919870538730705
2019-08-01,0,0.48678173735981417,0,-0.021876661356080254,0.0
2019-08-02,1,0.5054758224800614,0,-0.021385325415201356,-0.022385325415201357
2019-08-05,0,0.44347514728623166,0,-0.05376782019446866,0.0
2019-08-06,1,0.5191488942227751,1,0.018753571419893394,0.017753571419893394
2019-08-07,1,0.5526867959913073,1,0.010302006859152687,0.009302006859152688
2019-08-08,1,0.5787395978156091,1,0.0218162796617649,0.0208162796617649
2019-08-09,0,0.46426141662931136,0,-0.008274559401281198,0.0
2019-08-12,1,0.5143242467607181,0,-0.0025408346484423997,-0.0035408346484423997
2019-08-13,1,0.5563355826867177,1,0.041476205312933785,0.040476205312933784
2019-08-14,1,0.6623848450187437,0,-0.030217062898598126,-0.031217062898598127
2019-08-15,1,0.6085225963596947,0,-0.004993586034432391,-0.005993586034432391
2019-08-16,1,0.577559148507546,1,0.023320520964952924,0.022320520964952923
2019-08-19,1,0.5747579564699152,1,0.01847259280313624,0.01747259280313624
2019-08-20,1,0.5485564392746235,0,4.738650950715146e-05,-0.0009526134904928485
2019-08-21,0,0.4728561096740193,1,0.01078018620385929,0.0
2019-08-22,0,0.37511057949115395,0,-0.0008466878085201066,0.0
2019-08-23,0,0.4137531913642099,0,-0.0473230857042278,0.0
2019-08-26,0,0.43858316081762294,1,0.018821258822654806,0.0
2019-08-27,1,0.5048938264184164,0,-0.011348148738361749,-0.01234814873836175
2019-08-28,1,0.561316580012679,1,0.006687987301751273,0.005687987301751273
2019-08-29,1,0.63751120076256,1,0.01679010620862479,0.01579010620862479
2019-08-30,1,0.5580671687983972,0,-0.0012926052328238017,-0.0022926052328238015
2019-09-03,1,0.6504393498137724,0,-0.014670734763961562,-0.015670734763961563
2019-09-04,1,0.643771784785839,1,0.016824149512953506,0.015824149512953505
2019-09-05,1,0.6506334768998948,1,0.01936316583833597,0.01836316583833597
2019-09-06,1,0.5755943940856014,0,-9.407306224059543e-05,-0.0010940730622405954
2019-09-09,1,0.5679089925625278,0,0.004258050182842005,0.0032580501828420047
2019-09-10,0,0.3920785378135344,1,0.01174380217695169,0.0
2019-09-11,0,0.3646107537047449,1,0.03130007959812666,0.0
2019-09-12,0,0.45148247681232495,0,-0.0022386100592173956,0.0
2019-09-13,0,0.22666919195581245,0,-0.01964580902931011,0.0
2019-09-16,0,0.29309402862207273,1,0.005243451119872423,0.0
2019-09-17,0,0.3001644834244203,0,0.0036314637790171855,0.0
2019-09-18,0,0.2337867760166699,1,0.009335574890786751,0.0
2019-09-19,0,0.3166328981353798,0,-0.008158301469678239,0.0
2019-09-20,0,0.286564276170713,0,-0.014725608400022069,0.0
2019-09-23,0,0.2879837849345767,0,0.004536706853002259,0.0
2019-09-24,0,0.34374299295599764,0,-0.004766806816265322,0.0
2019-09-25,0,0.4952303710499619,1,0.015272592888318554,0.0
2019-09-26,0,0.49821190481424243,0,-0.0051710245895101765,0.0
2019-09-27,1,0.5114698069438156,0,-0.00487803533329345,-0.00587803533329345
2019-09-30,0,0.41674894955545744,1,0.023262670962161714,0.0
2019-10-01,0,0.44390115297673477,0,0.002764259753573709,0.0
2019-10-02,0,0.36770464560270555,0,-0.025387356914022337,0.0
2019-10-03,0,0.4401692161790618,1,0.008459106181401615,0.0
2019-10-04,1,0.5294985046677592,1,0.02764608148724719,0.02664608148724719
2019-10-07,0,0.38703323946966334,0,0.00022001479648056115,0.0
2019-10-08,0,0.2704676927425673,0,-0.011784096624381242,0.0
2019-10-09,0,0.42780714295049127,1,0.01165210753817697,0.0
2019-10-10,0,0.36692631221882704,1,0.013388292935810486,0.0
2019-10-11,0,0.4248288022535098,1,0.026250824956588762,0.0
2019-10-14,1,0.548269247756785,0,-0.0014406649884568072,-0.0024406649884568072
2019-10-15,0,0.4590579072979873,0,-0.002334454302248475,0.0
2019-10-16,0,0.47432932632784514,0,-0.004045323103644979,0.0
2019-10-17,0,0.32766895800686446,0,0.003875534224610972,0.0
2019-10-18,0,0.18786896304741876,0,0.004791164526822227,0.0
2019-10-21,0,0.22220908123025812,1,0.017193961928442626,0.0
2019-10-22,0,0.33111187625082417,0,-0.002289167142792726,0.0
2019-10-23,0,0.24576213122736526,1,0.013329576069599927,0.0
2019-10-24,0,0.35433660074177353,0,0.0016434121093444433,0.0
2019-10-25,0,0.26567958251297796,1,0.012241183289783894,0.0
2019-10-28,0,0.427829833153427,1,0.009967059518592523,0.0
2019-10-29,0,0.4896218010950361,0,-0.023399755550921573,0.0
2019-10-30,0,0.4582172982601607,0,-0.00012305300925158786,0.0
2019-10-31,0,0.29089210860458525,1,0.0223577360360663,0.0
2019-11-01,0,0.4773226841752284,1,0.027985573515449037,0.0
2019-11-04,1,0.5045983152726466,1,0.006545660004396822,0.005545660004396822
2019-11-05,1,0.5307461677039701,0,-0.00143801184393021,-0.00243801184393021
2019-11-06,0,0.40874688344449717,0,0.00042781979688134695,0.0
2019-11-07,0,0.33018812447759444,1,0.01147504525702416,0.0
2019-11-08,0,0.4849769969139411,0,0.002733245340052659,0.0
2019-11-11,0,0.4624604336651086,1,0.007887436726644109,0.0
2019-11-12,1,0.5919166739972196,0,-0.0009158841865673117,-0.0019158841865673116
2019-11-13,0,0.36209528288098725,1,0.009536546411736306,0.0
2019-11-14,0,0.45672538001868696,0,-0.006944018050754303,0.0
2019-11-15,0,0.4647343609677488,1,0.011809651160018387,0.0
2019-11-18,1,0.5338046479089884,1,0.005029254604299806,0.004029254604299806
2019-11-19,1,0.702823432290649,0,-0.0030373841817941984,-0.004037384181794198
2019-11-20,0,0.4328095403774881,0,-0.011709466391896737,0.0
2019-11-21,0,0.41282275101076155,0,-0.0044934031643586525,0.0
2019-11-22,0,0.4872170600064743,0,-0.0008787048908114112,0.0
2019-11-25,0,0.4779181119565856,1,0.017382235047011568,0.0
2019-11-26,1,0.5525510535499347,0,-0.007839340601247961,-0.008839340601247962
2019-11-27,0,0.397180040613109,1,0.013342660396584145,0.0
2019-11-29,1,0.5086410627395374,0,-0.002205321676753471,-0.003205321676753471
2019-12-02,0,0.3986240993155632,0,-0.011629415167150525,0.0
2019-12-03,1,0.532257668700802,0,-0.017991052044627264,-0.018991052044627265
2019-12-04,1,0.501649602463822,1,0.00878776281183537,0.007787762811835371
2019-12-05,1,0.6530796495748113,1,0.01456430621487831,0.013564306214878311
2019-12-06,1,0.5295780285988109,1,0.019132208961397137,0.018132208961397136
2019-12-09,0,0.44305089094206485,0,-0.014098959714988894,0.0
2019-12-10,1,0.5139671899951184,1,0.0058275712377518244,0.004827571237751824
2019-12-11,1,0.5058388622433758,1,0.00849280173534818,0.007492801735348179
2019-12-12,1,0.5995526347743073,0,0.002545300144984853,0.001545300144984853
2019-12-13,0,0.4618548202112042,1,0.013501482369669386,0.0
2019-12-16,0,0.43444560320762204,1,0.016972807391304995,0.0
2019-12-17,1,0.5624251777350624,0,0.0019636254416764373,0.0009636254416764372
2019-12-18,0,0.45183332096736073,0,-0.0023923394205741673,0.0
2019-12-19,0,0.3075604031959526,0,0.0010008003845199678,0.0
2019-12-20,0,0.38952811443254665,0,-0.0020737299164710517,0.0
2019-12-23,0,0.36260142737994416,1,0.01618674384256098,0.0
2019-12-24,0,0.3289585062647224,0,0.0009501679437590823,0.0
2019-12-26,0,0.4624011429999287,1,0.019645811217414624,0.0
2019-12-27,0,0.3356755231743266,0,-0.0003791185234104281,0.0
2019-12-30,0,0.43372080419740444,1,0.005917572646229285,0.0
2019-12-31,1,0.510837364455654,1,0.007280051550683358,0.006280051550683358
2020-01-02,1,0.6022878055002501,1,0.02255974586966709,0.02155974586966709
2020-01-03,1,0.6297334686914415,0,-0.009769494971888728,-0.010769494971888727
2020-01-06,1,0.5553968799236179,1,0.007936563896183463,0.006936563896183463
2020-01-07,1,0.5603778552096953,0,-0.004714068337470262,-0.005714068337470262
2020-01-08,1,0.5999722352824294,1,0.015958213915694724,0.014958213915694723
2020-01-09,1,0.5643752412176903,1,0.02101832031167091,0.02001832031167091
2020-01-10,1,0.5672293291249073,0,0.002257825119345157,0.0012578251193451568
2020-01-13,0,0.3655443854136926,1,0.021139787848838198,0.0
2020-01-14,1,0.5058711718231994,0,-0.013595345116642536,-0.014595345116642535
2020-01-15,0,0.45638315348619796,0,-0.004294959717926101,0.0
2020-01-16,0,0.4728585801821374,1,0.0124489858481949,0.0
2020-01-17,1,0.550101185963851,1,0.011010197171314485,0.010010197171314485
2020-01-21,1,0.5931486285760943,0,-0.006800153980727247,-0.0078001539807272475
2020-01-22,1,0.5473350447128515,0,0.0035630744215117585,0.0025630744215117585
2020-01-23,0,0.4648233795162723,0,0.004804506226489221,0.0
2020-01-24,0,0.4111049876843523,0,-0.0028863163660094843,0.0
2020-01-27,0,0.3868619937253868,0,-0.029846096344902096,0.0
2020-01-28,0,0.4343171305537692,1,0.027896524801210753,0.0
2020-01-29,1,0.5063348989387739,1,0.020716336471488943,0.019716336471488943
2020-01-30,0,0.49225624066214857,0,-0.0014502607195429561,0.0
2020-01-31,0,0.3351447597306616,0,-0.0453518987430402,0.0
2020-02-03,0,0.48076330857514543,0,-0.0027501474095611043,0.0
2020-02-04,0,0.4111298485409609,1,0.032480314055287784,0.0
2020-02-05,1,0.5892807332887093,1,0.008121924148125426,0.007121924148125426
2020-02-06,0,0.4812387292258697,1,0.011628749984508437,0.0
2020-02-07,0,0.4512056215114416,0,-0.013685934140851801,0.0
2020-02-10,1,0.5148479733824896,0,0.004738704634980115,0.003738704634980115
2020-02-11,0,0.47852690463108055,0,-0.006051887809533879,0.0
2020-02-12,1,0.5035303550282546,1,0.023469979118845973,0.022469979118845972
2020-02-13,0,0.4477358344559888,0,-0.00714630760853416,0.0
2020-02-14,0,0.43520615879287533,0,0.0002461606650508179,0.0
2020-02-18,0,0.3533473599390627,0,-0.01848013894620253,0.0
2020-02-19,1,0.5744607538251524,1,0.014378765681796525,0.013378765681796526
2020-02-20,1,0.555165753989703,0,-0.010311961050624936,-0.011311961050624937
2020-02-21,1,0.5977780939388532,0,-0.022895202064825818,-0.02389520206482582
2020-02-24,1,0.595460573377294,0,-0.04866552010511591,-0.049665520105115914
2020-02-25,1,0.542400457250205,0,-0.034459117937944365,-0.035459117937944366
2020-02-26,0,0.4525554273454459,1,0.015738954802672442,0.0
2020-02-27,1,0.5599552066199069,0,-0.06760209624417762,-0.06860209624417762
2020-02-28,0,0.3877301263475678,0,-0.000585338032672895,0.0
2020-03-02,0,0.2622653340101953,1,0.0890181497580465,0.0
2020-03-03,0,0.35877202571404226,0,-0.03227425120927957,0.0
2020-03-04,0,0.23472070621390734,1,0.04534072127523034,0.0
2020-03-05,1,0.5175525593375461,0,-0.03297479191087373,-0.03397479191087373
2020-03-06,0,0.3861809955790448,0,-0.013369064696538282,0.0
2020-03-09,0,0.3060812182193905,0,-0.08239527120065732,0.0
2020-03-10,0,0.36388519471665925,1,0.06954642663170763,0.0
2020-03-11,0,0.30835812068943264,0,-0.03534786646883439,0.0
2020-03-12,0,0.30278330096298584,0,-0.10397805017550828,0.0
2020-03-13,0,0.42908878760769054,1,0.11315741195948822,0.0
2020-03-16,0,0.4103921930345777,0,-0.13770812700705798,0.0
2020-03-17,0,0.4824180805393857,1,0.04303102920046477,0.0
2020-03-18,1,0.5231517815410478,0,-0.024784727389077717,-0.02578472738907772
2020-03-19,0,0.4612188998020891,0,-0.007691236320908067,0.0
2020-03-20,0,0.23873648473795278,0,-0.06559063602148299,0.0
2020-03-23,0,0.28646003279777477,0,-0.02147290293632344,0.0
2020-03-24,0,0.2763187673673974,1,0.09560597274671613,0.0
2020-03-25,0,0.3729762330624181,0,-0.005524012184218772,0.0
2020-03-26,0,0.2288304809293831,1,0.051285211496909004,0.0
2020-03-27,0,0.4012423017042635,0,-0.042283783809163006,0.0
2020-03-30,0,0.4623689357406198,1,0.02813815107818405,0.0
2020-03-31,0,0.4553899623227233,0,-0.0020427466704737553,0.0
2020-04-01,1,0.5880861409225268,0,-0.05405188637081638,-0.05505188637081638
2020-04-02,0,0.36916335578532433,1,0.01654884571090749,0.0
2020-04-03,1,0.5935673797122358,0,-0.014475492845630447,-0.015475492845630448
2020-04-06,1,0.5506364026117184,1,0.08364000040536282,0.08264000040536282
2020-04-07,1,0.5503015585634521,0,-0.01164981365152801,-0.012649813651528011
2020-04-08,1,0.5563757166789534,1,0.025272466929014997,0.024272466929014996
2020-04-09,1,0.5312026687683955,1,0.007190334332966225,0.006190334332966225
2020-04-13,1,0.6323086099236588,1,0.019437544493635116,0.018437544493635116
2020-04-14,1,0.5354377177340848,1,0.04926923680173307,0.04826923680173307
2020-04-15,1,0.5107549763277249,0,-0.009169412644262636,-0.010169412644262635
2020-04-16,0,0.4225712924932639,1,0.007914416214152599,0.0
2020-04-17,1,0.58273318575379,0,-0.013661912621486477,-0.014661912621486476
2020-04-20,1,0.5564517323247887,0,-0.020974809136340884,-0.021974809136340884
2020-04-21,0,0.4975819046995778,0,-0.03139795702756726,0.0
2020-04-22,1,0.5566961283258215,1,0.02839612933289251,0.02739612933289251
2020-04-23,1,0.6122018999255856,0,-0.0038827853779114896,-0.004882785377911489
2020-04-24,1,0.6458128430866966,1,0.028460488642741418,0.027460488642741417
2020-04-27,0,0.47576485051585704,0,0.000706641955981703,0.0
2020-04-28,0,0.458759369716013,0,-0.016341916463686323,0.0
2020-04-29,0,0.4377323595815909,1,0.032317255309566334,0.0
2020-04-30,1,0.5020751523641122,1,0.020876583311738396,0.019876583311738395
2020-05-01,0,0.37200772069366955,0,-0.016230177268258913,0.0
2020-05-04,0,0.439108804568886,1,0.014049561732924615,0.0
2020-05-05,0,0.478336558469784,1,0.014897271950618556,0.0
2020-05-06,0,0.47574746110060473,1,0.01026458644171815,0.0
2020-05-07,0,0.4338261417897859,1,0.01029159785419993,0.0
2020-05-08,0,0.47402136108414167,1,0.023522753956047172,0.0
2020-05-11,0,0.37895066272174743,1,0.015612832582138638,0.0
2020-05-12,1,0.5800381313946531,0,-0.01149400845722864,-0.012494008457228641
2020-05-13,0,0.4393131472710972,0,-0.01214759676026822,0.0
2020-05-14,0,0.45543538406843254,1,0.006124340613047184,0.0
2020-05-15,1,0.6372928879242012,0,-0.005929063394001303,-0.006929063394001303
2020-05-18,1,0.5879864342689595,1,0.023287470913358227,0.022287470913358226
2020-05-19,1,0.609287740718804,0,-0.005795057032904087,-0.006795057032904087
2020-05-20,0,0.447798041950298,1,0.019261589453777515,0.0
2020-05-21,0,0.44892588041747516,0,-0.00748361021005947,0.0
2020-05-22,0,0.33066651447990403,1,0.006417790597442769,0.0
2020-05-26,0,0.40754010949629227,0,-0.006796417985751709,0.0
2020-05-27,0,0.41582423547314745,0,0.0043474149746683495,0.0
2020-05-28,0,0.3114669616368565,0,0.0004399177142772301,0.0
2020-05-29,0,0.2795526720195228,0,-0.0009743142952917019,0.0
2020-06-01,0,0.24347584144856285,1,0.012222965957512094,0.0
2020-06-02,0,0.38127032495402075,0,0.004618741157588446,0.0
2020-06-03,0,0.35008634108459746,1,0.0054902435003170245,0.0
2020-06-04,0,0.33596991632065043,0,-0.008649779443260048,0.0
2020-06-05,0,0.24099421690855316,1,0.028082944994721287,0.0
2020-06-08,0,0.31034773350558337,1,0.005894918851990157,0.0
2020-06-09,0,0.4181290592824918,1,0.031089765107644433,0.0
2020-06-10,0,0.4551114552462353,1,0.02540204718370895,0.0
2020-06-11,1,0.555722166257,0,-0.04920113391164111,-0.05020113391164111
2020-06-12,0,0.432304853275325,1,0.00859630265386362,0.0
2020-06-15,1,0.5829106676044455,1,0.012291500471811054,0.011291500471811055
2020-06-16,1,0.6320395388113446,1,0.026157025820895553,0.025157025820895552
2020-06-17,1,0.5755508365280027,0,-0.0013927433630097448,-0.002392743363009745
2020-06-18,0,0.47638194025099506,0,0.00039821417544536313,0.0
2020-06-19,0,0.4121426035063714,0,-0.005731018932125398,0.0
2020-06-22,1,0.530334551905909,1,0.025827501762392895,0.024827501762392894
2020-06-23,0,0.45923722230078673,1,0.02112017376450046,0.0
2020-06-24,1,0.5896086623631746,0,-0.01780985201344626,-0.01880985201344626
2020-06-25,0,0.46164820701922493,1,0.013188194697893424,0.0
2020-06-26,1,0.5775151204544922,0,-0.031207811708077307,-0.03220781170807731
2020-06-29,1,0.6023195763881034,1,0.022785266097247306,0.021785266097247305
2020-06-30,1,0.6386070247738962,1,0.008313096274671578,0.007313096274671578
2020-07-01,1,0.6064826665130432,0,-0.0018933484756886443,-0.0028933484756886443
2020-07-02,0,0.48005946308642683,0,0.0,0.0
2020-07-06,0,0.3851628345007368,1,0.026398573795354784,0.0
2020-07-07,0,0.3885241194971091,0,-0.0031075795356081326,0.0
2020-07-08,0,0.39763530733636254,1,0.023023292124618476,0.0
2020-07-09,0,0.44070321285239317,0,0.004290896948687796,0.0
2020-07-10,0,0.40427439871684967,0,0.0017473954115802856,0.0
2020-07-13,0,0.32425905487114476,0,-0.004623454214865124,0.0
2020-07-14,0,0.35368728652449266,1,0.016412909411971117,0.0
2020-07-15,0,0.4467484214006066,1,0.006853595078224265,0.0
2020-07-16,1,0.5483863004166684,0,-0.012381112198645124,-0.013381112198645125
2020-07-17,0,0.4639537154657319,0,-0.002022397771564624,0.0
2020-07-20,0,0.4240902969192748,1,0.020855060031520992,0.0
2020-07-21,0,0.4519611360754724,0,-0.013897841555113826,0.0
2020-07-22,0,0.2933187337449235,0,0.002805244619805935,0.0
2020-07-23,0,0.3490573177685761,0,-0.04658472126517954,0.0
2020-07-24,1,0.5583531067899609,0,-0.0024803514411022042,-0.0034803514411022043
2020-07-27,0,0.44645177376105766,1,0.02342370892872307,0.0
2020-07-28,1,0.6136090809824114,0,-0.016563966673187207,-0.017563966673187208
2020-07-29,0,0.4584562207229786,1,0.018987046595199966,0.0
2020-07-30,1,0.5589286797791233,1,0.012027368026265016,0.011027368026265017
2020-07-31,1,0.5479637741911385,1,0.0995635528094165,0.0985635528094165
